Artist,Role,Labels,NotableEvents,Notes
Kaiser,DJ,ksr,Klubnacht 2024-01-06 Berghain,Source event 76268
Mary Yuzovskaya,DJ,Monday Off,Klubnacht 2024-01-06 Berghain,Source event 76268
CHAMI,DJ face 2 face,unknown,Klubnacht 2024-01-06 Berghain,Source event 76268
OPH,DJ face 2 face,unknown,Klubnacht 2024-01-06 Berghain,Source event 76268
Olivia Mendez,DJ,Mord,Klubnacht 2024-01-06 Berghain; Klubnacht 2024-02-17 Berghain,Source events 76268 and 77198
Norman Nodge,DJ,Ostgut Ton,Klubnacht 2024-01-06 Berghain,Source event 76268
Tasha,DJ,Neighbourhood,Klubnacht 2024-01-06 Berghain,Source event 76268
Amotik,DJ,AMTK+,Klubnacht 2024-01-06 Berghain,Source event 76268
Rødhåd,DJ,WSNWG,Klubnacht 2024-01-13 Berghain,Source event 76286
Paula Koski,DJ,Soma,Klubnacht 2024-01-13 Berghain,Source event 76286
Azu Tiwaline,DJ,unknown,Klubnacht 2024-01-13 Berghain,Source event 76286
Inox Traxx,DJ,Symbolism,Klubnacht 2024-01-13 Berghain,Source event 76286
Kwartz,DJ,PoleGroup,Klubnacht 2024-01-13 Berghain,Source event 76286
Denise Rabe,DJ,RABE,Klubnacht 2024-01-13 Berghain,Source event 76286
Kyle Geiger,DJ,made of CONCRETE,Klubnacht 2024-01-13 Berghain,Source event 76286
nd_baumecker,DJ,Ostgut Ton,Klubnacht 2024-01-13 Panorama Bar; Klubnacht 2024-02-17 Panorama Bar,Source events 76286 and 77198
Francesco Menduni,DJ,unknown,Klubnacht 2024-01-13 Panorama Bar,Source event 76286
Violetta,DJ,Funnuvojere,Klubnacht 2024-01-13 Panorama Bar,Source event 76286
Natalie Robinson,DJ,unknown,Klubnacht 2024-01-13 Panorama Bar,Source event 76286
DJ City,DJ,unknown,Klubnacht 2024-01-13 Panorama Bar,Source event 76286
Dinky,DJ,Horizontal,Klubnacht 2024-01-13 Panorama Bar,Source event 76286
Abajour,DJ,[BP],Klubnacht 2024-01-13 Panorama Bar,Source event 76286
Erika,DJ,Interdimensional Transmissions,Klubnacht 2024-01-20 Berghain,Source event 76299
Setaoc Mass,DJ,SK_eleven,Klubnacht 2024-01-20 Berghain,Source event 76299
Reka Zalan,DJ,unknown,Klubnacht 2024-01-20 Berghain,Source event 76299
Lolsnake,DJ,unknown,Klubnacht 2024-01-20 Berghain,Source event 76299
Amanda Mussi,DJ,unknown,Klubnacht 2024-01-20 Berghain,Source event 76299
Ron Albrecht,DJ,Pure Traxx,Klubnacht 2024-01-20 Berghain,Source event 76299
Fiedel,DJ,Ostgut Ton,Klubnacht 2024-01-20 Berghain; Klubnacht 2024-02-24 Panorama Bar,Source events 76299 and 77199
Alinka,DJ,Twirl,Klubnacht 2024-01-20 Panorama Bar,Source event 76299
Nathalie Seres,DJ,Never Not Now,Klubnacht 2024-01-20 Panorama Bar,Source event 76299
Cormac,DJ,Polari,Klubnacht 2024-01-20 Panorama Bar,Source event 76299
Pablo Bozzi,DJ,Second Sight,Klubnacht 2024-01-20 Panorama Bar,Source event 76299
Alison Swing,DJ,unknown,Klubnacht 2024-01-20 Panorama Bar,Source event 76299
CHERIII,DJ,unknown,Klubnacht 2024-01-20 Panorama Bar,Source event 76299
Massimiliano Pagliara,DJ,Funnuvojere,Klubnacht 2024-01-20 Panorama Bar; Klubnacht 2024-02-24 Panorama Bar,Source events 76299 and 77199
David Fogarty,DJ,Transmigration,Klubnacht 2024-01-27 Berghain,Source event 76320
Justine Perry,DJ,unknown,Klubnacht 2024-01-27 Berghain,Source event 76320
Vincent Neumann,DJ,Unitas Multiplex,Klubnacht 2024-01-27 Berghain,Source event 76320
Lea Occhi,DJ,unknown,Klubnacht 2024-01-27 Berghain,Source event 76320
Nørbak,DJ,HAYES,Klubnacht 2024-01-27 Berghain,Source event 76320
DJ Maria.,DJ,unknown,Klubnacht 2024-01-27 Berghain,Source event 76320
Sev Dah,DJ,Proletarijat,Klubnacht 2024-01-27 Berghain,Source event 76320
Mike Starr,DJ,unknown,Klubnacht 2024-01-27 Panorama Bar,Source event 76320
Yes'in,DJ,unknown,Klubnacht 2024-01-27 Panorama Bar,Source event 76320
Gabrielle Kwarteng,DJ,unknown,Klubnacht 2024-01-27 Panorama Bar,Source event 76320
livwutang,DJ,unknown,Klubnacht 2024-01-27 Panorama Bar,Source event 76320
Josh Cheon,DJ,Dark Entries,Klubnacht 2024-01-27 Panorama Bar,Source event 76320
Ogazón,DJ,unknown,Klubnacht 2024-01-27 Panorama Bar,Source event 76320
Roi Perez,DJ,Ostgut Ton,Klubnacht 2024-01-27 Panorama Bar,Source event 76320
Jin Synth,DJ,on board,Klubnacht 2024-02-03 Berghain,Source event 76344
Peter Van Hoesen,Live,unknown,Klubnacht 2024-02-03 Berghain,Source event 76344
Virginia,DJ,candy mountain,Klubnacht 2024-02-03 Berghain,Source event 76344
Fadi Mohem,DJ,MOHEM,Klubnacht 2024-02-03 Berghain,Source event 76344
ABS8LUTE,DJ,unknown,Klubnacht 2024-02-03 Berghain,Source event 76344
MARRØN,DJ,unknown,Klubnacht 2024-02-03 Berghain,Source event 76344
Quelza,DJ,Mord,Klubnacht 2024-02-03 Berghain,Source event 76344
Efdemin,DJ,Ostgut Ton,Klubnacht 2024-02-03 Berghain,Source event 76344
Ady Toledano,DJ,Hot Concept,Klubnacht 2024-02-03 Panorama Bar,Source event 76344
BASHKKA,DJ,unknown,Klubnacht 2024-02-03 Panorama Bar,Source event 76344
Jacob Meehan,DJ,Smart Bar Chicago,Klubnacht 2024-02-03 Panorama Bar,Source event 76344
Sedef Adasï,DJ,Public Possession,Klubnacht 2024-02-03 Panorama Bar,Source event 76344
Mike Servito,DJ,The Bunker New York,Klubnacht 2024-02-03 Panorama Bar,Source event 76344
Magda,DJ,unknown,Klubnacht 2024-02-03 Panorama Bar,Source event 76344
Daniel Bell,DJ,Accelerate,Klubnacht 2024-02-03 Panorama Bar,Source event 76344
Phase Fatale,DJ,Ostgut Ton,Klubnacht 2024-02-10 Berghain,Source event 77197
SORCERY,Live,unknown,Klubnacht 2024-02-10 Berghain,Source event 77197
¥ØU$UK€ ¥UK1MAT$U,DJ,unknown,Klubnacht 2024-02-10 Berghain,Source event 77197
Haruka,DJ,Protection,Klubnacht 2024-02-10 Berghain,Source event 77197
BLANKA,DJ,Room Trax,Klubnacht 2024-02-10 Berghain,Source event 77197
Adiel,DJ,Danza Tribale,Klubnacht 2024-02-10 Berghain,Source event 77197
Ben Klock,DJ,Klockworks,Klubnacht 2024-02-10 Berghain,Source event 77197
Ø [Phase],DJ,Modwerks,Klubnacht 2024-02-10 Berghain,Source event 77197
Richard Akingbehin,DJ,Refuge Worldwide,Klubnacht 2024-02-10 Panorama Bar,Source event 77197
Jennifer Loveless,DJ,unknown,Klubnacht 2024-02-10 Panorama Bar,Source event 77197
Rob Manga,DJ,unknown,Klubnacht 2024-02-10 Panorama Bar,Source event 77197
Ceri,DJ,Find Your Own Records,Klubnacht 2024-02-10 Panorama Bar,Source event 77197
Soundstream,DJ,Soundstream,Klubnacht 2024-02-10 Panorama Bar,Source event 77197
PARAMIDA,DJ,Love On The Rocks,Klubnacht 2024-02-10 Panorama Bar,Source event 77197
Zombies In Miami,DJ,Permanent Vacation,Klubnacht 2024-02-10 Panorama Bar,Source event 77197
Sepehr,Live,unknown,Klubnacht 2024-02-10 Säule,Source event 77197
Answer Code Request,DJ,Ostgut Ton,Klubnacht 2024-02-17 Berghain,Source event 77198
Yonti,DJ,unknown,Klubnacht 2024-02-17 Berghain,Source event 77198
Antenes,DJ,Silent Season,Klubnacht 2024-02-17 Berghain,Source event 77198
Anika Kunst,DJ,unknown,Klubnacht 2024-02-17 Berghain,Source event 77198
Pär Grindvik,DJ,Stockholm LTD,Klubnacht 2024-02-17 Berghain,Source event 77198
James Ruskin,DJ,Blueprint,Klubnacht 2024-02-17 Berghain,Source event 77198
Partok,DJ,unknown,Klubnacht 2024-02-17 Panorama Bar,Source event 77198
DJ Minx,DJ,unknown,Klubnacht 2024-02-17 Panorama Bar,Source event 77198
Etapp Kyle,DJ,Ostgut Ton,Klubnacht 2024-02-17 Panorama Bar,Source event 77198
Chloé,DJ,unknown,Klubnacht 2024-02-17 Panorama Bar,Source event 77198
Marcel Dettmann,DJ,BAD MANNERS,Klubnacht 2024-02-17 Panorama Bar,Source event 77198
Luigi Di Venere,DJ,Philoxenia,Klubnacht 2024-02-17 Panorama Bar,Source event 77198
Rival Consoles,Live,Erased Tapes,Klubnacht 2024-02-17 Säule,Source event 77198
Paquita Gordon,DJ,unknown,Klubnacht 2024-02-24 Berghain,Source event 77199
Volpe,Live,unknown,Klubnacht 2024-02-24 Berghain,Source event 77199
Stojche,DJ,Tangible Assets,Klubnacht 2024-02-24 Berghain,Source event 77199
Fred P,DJ,Private Society,Klubnacht 2024-02-24 Berghain,Source event 77199
Lars Huismann,DJ,unknown,Klubnacht 2024-02-24 Berghain,Source event 77199
Rosati,DJ,unknown,Klubnacht 2024-02-24 Berghain,Source event 77199
Steffi,DJ,Candy Mountain,Klubnacht 2024-02-24 Berghain,Source event 77199
The Lady Machine,DJ,unknown,Klubnacht 2024-02-24 Berghain,Source event 77199
Âme,DJ,Innervisions,Klubnacht 2024-02-24 Panorama Bar,Source event 77199
Saint Guel,DJ,unknown,Klubnacht 2024-02-24 Panorama Bar,Source event 77199
Ouissam,DJ,unknown,Klubnacht 2024-02-24 Panorama Bar,Source event 77199
Shy One,DJ,unknown,Klubnacht 2024-02-24 Panorama Bar,Source event 77199
Kenny Dope,DJ,Dopewax,Klubnacht 2024-02-24 Panorama Bar,Source event 77199
