Artist,Appearances,Years,PrimaryRooms,Notes
Kaiser,1,2024,Berghain,Verified from official event 76268
Mary Yuzovskaya,1,2024,Berghain,Verified from official event 76268
CHAMI,1,2024,Berghain,Verified from official event 76268
OPH,1,2024,Berghain,Verified from official event 76268
Olivia Mendez,2,2024,Berghain,Verified from official events 76268 and 77198
Norman Nodge,1,2024,Berghain,Verified from official event 76268
Tasha,1,2024,Berghain,Verified from official event 76268
Amotik,1,2024,Berghain,Verified from official event 76268
Rødhåd,1,2024,Berghain,Verified from official event 76286
Paula Koski,1,2024,Berghain,Verified from official event 76286
Azu Tiwaline,1,2024,Berghain,Verified from official event 76286
Inox Traxx,1,2024,Berghain,Verified from official event 76286
Kwartz,1,2024,Berghain,Verified from official event 76286
Denise Rabe,1,2024,Berghain,Verified from official event 76286
Kyle Geiger,1,2024,Berghain,Verified from official event 76286
nd_baumecker,2,2024,Panorama Bar,Verified from official events 76286 and 77198
Francesco Menduni,1,2024,Panorama Bar,Verified from official event 76286
Violetta,1,2024,Panorama Bar,Verified from official event 76286
Natalie Robinson,1,2024,Panorama Bar,Verified from official event 76286
DJ City,1,2024,Panorama Bar,Verified from official event 76286
Dinky,1,2024,Panorama Bar,Verified from official event 76286
Abajour,1,2024,Panorama Bar,Verified from official event 76286
Erika,1,2024,Berghain,Verified from official event 76299
Setaoc Mass,1,2024,Berghain,Verified from official event 76299
Reka Zalan,1,2024,Berghain,Verified from official event 76299
Lolsnake,1,2024,Berghain,Verified from official event 76299
Amanda Mussi,1,2024,Berghain,Verified from official event 76299
Ron Albrecht,1,2024,Berghain,Verified from official event 76299
Fiedel,2,2024,Berghain; Panorama Bar,Verified from official events 76299 and 77199
Alinka,1,2024,Panorama Bar,Verified from official event 76299
Nathalie Seres,1,2024,Panorama Bar,Verified from official event 76299
Cormac,1,2024,Panorama Bar,Verified from official event 76299
Pablo Bozzi,1,2024,Panorama Bar,Verified from official event 76299
Alison Swing,1,2024,Panorama Bar,Verified from official event 76299
CHERIII,1,2024,Panorama Bar,Verified from official event 76299
Massimiliano Pagliara,2,2024,Panorama Bar,Verified from official events 76299 and 77199
David Fogarty,1,2024,Berghain,Verified from official event 76320
Justine Perry,1,2024,Berghain,Verified from official event 76320
Vincent Neumann,1,2024,Berghain,Verified from official event 76320
Lea Occhi,1,2024,Berghain,Verified from official event 76320
Nørbak,1,2024,Berghain,Verified from official event 76320
DJ Maria.,1,2024,Berghain,Verified from official event 76320
Sev Dah,1,2024,Berghain,Verified from official event 76320
Mike Starr,1,2024,Panorama Bar,Verified from official event 76320
Yes'in,1,2024,Panorama Bar,Verified from official event 76320
Gabrielle Kwarteng,1,2024,Panorama Bar,Verified from official event 76320
livwutang,1,2024,Panorama Bar,Verified from official event 76320
Josh Cheon,1,2024,Panorama Bar,Verified from official event 76320
Ogazón,1,2024,Panorama Bar,Verified from official event 76320
Roi Perez,1,2024,Panorama Bar,Verified from official event 76320
Jin Synth,1,2024,Berghain,Verified from official event 76344
Peter Van Hoesen,1,2024,Berghain,Verified from official event 76344
Virginia,1,2024,Berghain,Verified from official event 76344
Fadi Mohem,1,2024,Berghain,Verified from official event 76344
ABS8LUTE,1,2024,Berghain,Verified from official event 76344
MARRØN,1,2024,Berghain,Verified from official event 76344
Quelza,1,2024,Berghain,Verified from official event 76344
Efdemin,1,2024,Berghain,Verified from official event 76344
Ady Toledano,1,2024,Panorama Bar,Verified from official event 76344
BASHKKA,1,2024,Panorama Bar,Verified from official event 76344
Jacob Meehan,1,2024,Panorama Bar,Verified from official event 76344
Sedef Adasï,1,2024,Panorama Bar,Verified from official event 76344
Mike Servito,1,2024,Panorama Bar,Verified from official event 76344
Magda,1,2024,Panorama Bar,Verified from official event 76344
Daniel Bell,1,2024,Panorama Bar,Verified from official event 76344
Phase Fatale,1,2024,Berghain,Verified from official event 77197
SORCERY,1,2024,Berghain,Verified from official event 77197
¥ØU$UK€ ¥UK1MAT$U,1,2024,Berghain,Verified from official event 77197
Haruka,1,2024,Berghain,Verified from official event 77197
BLANKA,1,2024,Berghain,Verified from official event 77197
Adiel,1,2024,Berghain,Verified from official event 77197
Ben Klock,1,2024,Berghain,Verified from official event 77197
Ø [Phase],1,2024,Berghain,Verified from official event 77197
Richard Akingbehin,1,2024,Panorama Bar,Verified from official event 77197
Jennifer Loveless,1,2024,Panorama Bar,Verified from official event 77197
Rob Manga,1,2024,Panorama Bar,Verified from official event 77197
Ceri,1,2024,Panorama Bar,Verified from official event 77197
Soundstream,1,2024,Panorama Bar,Verified from official event 77197
PARAMIDA,1,2024,Panorama Bar,Verified from official event 77197
Zombies In Miami,1,2024,Panorama Bar,Verified from official event 77197
Sepehr,1,2024,Säule,Verified from official event 77197
Answer Code Request,1,2024,Berghain,Verified from official event 77198
Yonti,1,2024,Berghain,Verified from official event 77198
Antenes,1,2024,Berghain,Verified from official event 77198
Anika Kunst,1,2024,Berghain,Verified from official event 77198
Pär Grindvik,1,2024,Berghain,Verified from official event 77198
James Ruskin,1,2024,Berghain,Verified from official event 77198
Partok,1,2024,Panorama Bar,Verified from official event 77198
DJ Minx,1,2024,Panorama Bar,Verified from official event 77198
Etapp Kyle,1,2024,Panorama Bar,Verified from official event 77198
Chloé,1,2024,Panorama Bar,Verified from official event 77198
Marcel Dettmann,1,2024,Panorama Bar,Verified from official event 77198
Luigi Di Venere,1,2024,Panorama Bar,Verified from official event 77198
Rival Consoles,1,2024,Säule,Verified from official event 77198
Paquita Gordon,1,2024,Berghain,Verified from official event 77199
Volpe,1,2024,Berghain,Verified from official event 77199
Stojche,1,2024,Berghain,Verified from official event 77199
Fred P,1,2024,Berghain,Verified from official event 77199
Lars Huismann,1,2024,Berghain,Verified from official event 77199
Rosati,1,2024,Berghain,Verified from official event 77199
Steffi,1,2024,Berghain,Verified from official event 77199
The Lady Machine,1,2024,Berghain,Verified from official event 77199
Âme,1,2024,Panorama Bar,Verified from official event 77199
Saint Guel,1,2024,Panorama Bar,Verified from official event 77199
Ouissam,1,2024,Panorama Bar,Verified from official event 77199
Shy One,1,2024,Panorama Bar,Verified from official event 77199
Kenny Dope,1,2024,Panorama Bar,Verified from official event 77199
