Date,Artist,TrackTitle,TrackArtist,Label,TrackID,SourceURL,Room
2026-04-17,nd_baumecker,Pulstar,Hipnosis,ZYX Music,https://trackid.net/musictracks/hipnosis-pulstar,https://trackid.net/audiostreams/20050310-nd-baumecker-smegma-berghain-berlin,Berghain
2026-04-17,nd_baumecker,Body Dub (Alden Tyrell's Edit 01),Unit 4,Clone,https://trackid.net/musictracks/unit-4-body-dub-alden-tyrells-edit-01,https://trackid.net/audiostreams/20050310-nd-baumecker-smegma-berghain-berlin,Berghain
2026-04-17,nd_baumecker,Untitled 01,Adam Beyer,Mad Eye,https://trackid.net/musictracks/adam-beyer-untitled-01,https://trackid.net/audiostreams/20050310-nd-baumecker-smegma-berghain-berlin,Berghain
2026-04-17,nd_baumecker,Sunstroke,Trentemøller,Trentemøller,https://trackid.net/musictracks/trentemoller-sunstroke,https://trackid.net/audiostreams/20050310-nd-baumecker-smegma-berghain-berlin,Berghain
2026-04-17,nd_baumecker,Gate 23 (Lost on Arrival...) (Isolée Remix),Alter Ego,Alter Ego Recordings,https://trackid.net/musictracks/alter-ego-gate-23-lost-on-arrival-isolee-remix,https://trackid.net/audiostreams/20050310-nd-baumecker-smegma-berghain-berlin,Berghain
2026-04-17,nd_baumecker,Love Dose (Luciano Remix),Argy,Poker Flat Recordings,https://trackid.net/musictracks/argy-love-dose-luciano-remix,https://trackid.net/audiostreams/20050310-nd-baumecker-smegma-berghain-berlin,Berghain
2026-04-17,nd_baumecker,Low Rider,Knallkids Marky,Shitkatapult,https://trackid.net/musictracks/knallkids-marky-low-rider,https://trackid.net/audiostreams/20050310-nd-baumecker-smegma-berghain-berlin,Berghain
2026-04-17,nd_baumecker,Deft,Christopher Just,Cheap Classics,https://trackid.net/musictracks/christopher-just-deft,https://trackid.net/audiostreams/20050310-nd-baumecker-smegma-berghain-berlin,Berghain
2026-04-17,nd_baumecker,Sexuality,Blake Baxter,Music Man,https://trackid.net/musictracks/blake-baxter-sexuality,https://trackid.net/audiostreams/20050310-nd-baumecker-smegma-berghain-berlin,Berghain
2026-04-17,nd_baumecker,Rej,Âme,Engoli,https://trackid.net/musictracks/ame-rej,https://trackid.net/audiostreams/20050310-nd-baumecker-smegma-berghain-berlin,Berghain
2026-04-17,nd_baumecker,We Invite you to Expand your Total Self,Salamandos,Creme Organization,https://trackid.net/musictracks/salamandos-we-invite-you-to-expand-your-total-self,https://trackid.net/audiostreams/20050310-nd-baumecker-smegma-berghain-berlin,Berghain
2026-04-17,nd_baumecker,Off Key-24070,Gauge The Mental Murderah,,https://trackid.net/musictracks/gauge-the-mental-murderah-off-key24070,https://trackid.net/audiostreams/20050310-nd-baumecker-smegma-berghain-berlin,Berghain
2026-04-17,nd_baumecker,Aéro Dynamik (Francois K Aero Mix),Kraftwerk,PLG UK Frontline,https://trackid.net/musictracks/kraftwerk-aero-dynamik-francois-k-aero-mix,https://trackid.net/audiostreams/20050310-nd-baumecker-smegma-berghain-berlin,Berghain
2026-04-17,nd_baumecker,Contemplation (King Britt Funke Remix),Josh One,Mostiko,https://trackid.net/musictracks/josh-one-contemplation-king-britt-funke-remix,https://trackid.net/audiostreams/20050310-nd-baumecker-smegma-berghain-berlin,Berghain
2026-04-17,nd_baumecker,Timbuktu (Pan-African Electro Beats),Jerome Sydenham,Ibadan Records,https://trackid.net/musictracks/jerome-sydenham-timbuktu-panafrican-electro-beats,https://trackid.net/audiostreams/20050310-nd-baumecker-smegma-berghain-berlin,Berghain
2018-10-10,nd_baumecker,Sea Believer (Original Mix),Mystical Institute,Perpetual Rhythms,https://trackid.net/musictracks/mystical-institute-sea-believer-original-mix,https://trackid.net/audiostreams/panorama-bar-07-ndbaumecker,Panorama Bar
2018-10-10,nd_baumecker,Follow the Moonlight,"Jeremy Greenspan, Taraval",Geej Recording Inc.,https://trackid.net/musictracks/jeremy-greenspan-taraval-follow-the-moonlight,https://trackid.net/audiostreams/panorama-bar-07-ndbaumecker,Panorama Bar
2018-10-10,nd_baumecker,Isolator,Duplex,Ostgut Ton,https://trackid.net/musictracks/duplex-isolator,https://trackid.net/audiostreams/panorama-bar-07-ndbaumecker,Panorama Bar
2018-10-10,nd_baumecker,Easy Life (Jive Turkey Mix),Cabaret Voltaire,Cease & Desist,https://trackid.net/musictracks/cabaret-voltaire-easy-life-jive-turkey-mix,https://trackid.net/audiostreams/panorama-bar-07-ndbaumecker,Panorama Bar
2018-10-10,nd_baumecker,DOLO 9,Dolo Percussion,Future Times Records,https://trackid.net/musictracks/dolo-percussion-dolo-9,https://trackid.net/audiostreams/panorama-bar-07-ndbaumecker,Panorama Bar
2018-10-10,nd_baumecker,Big Skies,Jinjé,Ostgut Ton,https://trackid.net/musictracks/jinje-big-skies,https://trackid.net/audiostreams/panorama-bar-07-ndbaumecker,Panorama Bar
2018-10-10,nd_baumecker,Stoned To Say the Least,Saint Etienne,Heavenly Recordings,https://trackid.net/musictracks/saint-etienne-stoned-to-say-the-least-2106740916,https://trackid.net/audiostreams/panorama-bar-07-ndbaumecker,Panorama Bar
2018-10-10,nd_baumecker,"Paradox Garage, Pt. 1 (With Your Love)",FaltyDL,Ostgut Ton,https://trackid.net/musictracks/faltydl-paradox-garage-pt-1-with-your-love,https://trackid.net/audiostreams/panorama-bar-07-ndbaumecker,Panorama Bar
2018-10-10,nd_baumecker,Sombre Detune,Röyksopp,Wall of Sound,https://trackid.net/musictracks/royksopp-sombre-detune,https://trackid.net/audiostreams/panorama-bar-07-ndbaumecker,Panorama Bar
2018-10-10,nd_baumecker,Lost Flute,Oeil Cube,versatilerec,https://trackid.net/musictracks/oeil-cube-lost-flute,https://trackid.net/audiostreams/panorama-bar-07-ndbaumecker,Panorama Bar
2018-10-10,nd_baumecker,State 606,Pulsinger & Irl,Big Beak Recordings,https://trackid.net/musictracks/pulsinger-irl-state-606,https://trackid.net/audiostreams/panorama-bar-07-ndbaumecker,Panorama Bar
2018-10-10,nd_baumecker,Wayahed,Dave Aju,Ostgut Ton,https://trackid.net/musictracks/dave-aju-wayahed,https://trackid.net/audiostreams/panorama-bar-07-ndbaumecker,Panorama Bar
2018-10-10,nd_baumecker,High Energy,Ross From Friends,Ostgut Ton,https://trackid.net/musictracks/ross-from-friends-high-energy,https://trackid.net/audiostreams/panorama-bar-07-ndbaumecker,Panorama Bar
2018-10-10,nd_baumecker,Something About You,D. Tiffany,Pacific Rhythm,https://trackid.net/musictracks/d-tiffany-something-about-you,https://trackid.net/audiostreams/panorama-bar-07-ndbaumecker,Panorama Bar
2018-10-10,nd_baumecker,Under Clearing Skies,Peverelist,Tectonic,https://trackid.net/musictracks/peverelist-under-clearing-skies,https://trackid.net/audiostreams/panorama-bar-07-ndbaumecker,Panorama Bar
2018-10-10,nd_baumecker,Strung (Extended Orchestral Mix),Barker & Baumecker,,https://trackid.net/musictracks/barker-baumecker-strung-extended-orchestral-mix,https://trackid.net/audiostreams/panorama-bar-07-ndbaumecker,Panorama Bar
2018-10-10,nd_baumecker,Low Times (Lafaye's Brain Mix),School of Seven Bells,,https://trackid.net/musictracks/school-of-seven-bells-low-times-lafayes-brain-mix,https://trackid.net/audiostreams/panorama-bar-07-ndbaumecker,Panorama Bar
2018-10-10,nd_baumecker,Bloods Avalanche,Gen Ludd,Ostgut Ton,https://trackid.net/musictracks/gen-ludd-bloods-avalanche,https://trackid.net/audiostreams/panorama-bar-07-ndbaumecker,Panorama Bar
2018-10-10,nd_baumecker,Hate,E. Myers,Unknown Label,https://trackid.net/musictracks/e-myers-hate,https://trackid.net/audiostreams/panorama-bar-07-ndbaumecker,Panorama Bar
2021-08-24,PARAMIDA,Re Mida Ouverture,Don Carlos,Irma Records,https://trackid.net/musictracks/don-carlos-re-mida-ouverture,https://trackid.net/audiostreams/paramida-x-massimiliano-pagliara-ostgut-ton-halle-am-berghain-live-arteconcert,Berghain
2021-08-24,PARAMIDA,Identification Unknown (Longhair Remix),Kayroy,,https://trackid.net/musictracks/kayroy-identification-unknown-longhair-remix,https://trackid.net/audiostreams/paramida-x-massimiliano-pagliara-ostgut-ton-halle-am-berghain-live-arteconcert,Berghain
2021-08-24,PARAMIDA,Avenue of the Palms (Night Mix) (Night Mix),Massimiliano Pagliara,Permanent Vacation,https://trackid.net/musictracks/massimiliano-pagliara-avenue-of-the-palms-night-mix-night-mix,https://trackid.net/audiostreams/paramida-x-massimiliano-pagliara-ostgut-ton-halle-am-berghain-live-arteconcert,Berghain
2021-08-24,PARAMIDA,C'mon let me see,St. David,Virgin Music FR LAS (S&D),https://trackid.net/musictracks/st-david-cmon-let-me-see,https://trackid.net/audiostreams/paramida-x-massimiliano-pagliara-ostgut-ton-halle-am-berghain-live-arteconcert,Berghain
2021-08-24,PARAMIDA,Magic Magic (Matisa Remix),KIM ANN FOXMAN,Firehouse,https://trackid.net/musictracks/kim-ann-foxman-magic-magic-matisa-remix1025562252,https://trackid.net/audiostreams/paramida-x-massimiliano-pagliara-ostgut-ton-halle-am-berghain-live-arteconcert,Berghain
2021-08-24,PARAMIDA,Human Condition (Defense Mix),Liquid Earth,Liquid Earth,https://trackid.net/musictracks/liquid-earth-human-condition-defense-mix,https://trackid.net/audiostreams/paramida-x-massimiliano-pagliara-ostgut-ton-halle-am-berghain-live-arteconcert,Berghain
2021-08-24,PARAMIDA,Boogie Woogie Dancin' Shoes (USA Version),Claudja Barry,Claudja Barry,https://trackid.net/musictracks/claudja-barry-boogie-woogie-dancin-shoes-usa-version,https://trackid.net/audiostreams/paramida-x-massimiliano-pagliara-ostgut-ton-halle-am-berghain-live-arteconcert,Berghain
2021-08-24,PARAMIDA,Jak Można Nie Mówić O Pesymiźmie,Das Komplex,,https://trackid.net/musictracks/das-komplex-jak-mozna-nie-mowic-o-pesymizmie,https://trackid.net/audiostreams/paramida-x-massimiliano-pagliara-ostgut-ton-halle-am-berghain-live-arteconcert,Berghain
2021-08-24,PARAMIDA,Party People Jack Your Body (House Mix),Lidell Townsell,Lidell Townsell,https://trackid.net/musictracks/lidell-townsell-party-people-jack-your-body-house-mix,https://trackid.net/audiostreams/paramida-x-massimiliano-pagliara-ostgut-ton-halle-am-berghain-live-arteconcert,Berghain
2021-08-24,PARAMIDA,Utility,Barker,Ostgut Ton,https://trackid.net/musictracks/barker-utility,https://trackid.net/audiostreams/paramida-x-massimiliano-pagliara-ostgut-ton-halle-am-berghain-live-arteconcert,Berghain
2021-08-28,Gerd Janson,Never Come Back (Koreless Remix),Caribou,PLANCHA,https://trackid.net/musictracks/caribou-never-come-back-koreless-remix,https://trackid.net/audiostreams/answer-code-request-x-gerd-janson-live-ostgut-ton-aus-der-halle-am-berghain-arte-concert,Berghain
2021-08-28,Gerd Janson,Mermaids On Acid,Sedef Adasi,,https://trackid.net/musictracks/sedef-adasi-mermaids-on-acid,https://trackid.net/audiostreams/answer-code-request-x-gerd-janson-live-ostgut-ton-aus-der-halle-am-berghain-arte-concert,Berghain
2021-08-28,Gerd Janson,Future Retro II,Blazej Malinowski & Claudio PRC,012,https://trackid.net/musictracks/blazej-malinowski-claudio-prc-future-retro-ii,https://trackid.net/audiostreams/answer-code-request-x-gerd-janson-live-ostgut-ton-aus-der-halle-am-berghain-arte-concert,Berghain
2021-08-28,Gerd Janson,Legato,Hiver,Sungate,https://trackid.net/musictracks/hiver-legato,https://trackid.net/audiostreams/answer-code-request-x-gerd-janson-live-ostgut-ton-aus-der-halle-am-berghain-arte-concert,Berghain
2021-08-28,Gerd Janson,Starlight,Yungruzt,,https://trackid.net/musictracks/yungruzt-starlight,https://trackid.net/audiostreams/answer-code-request-x-gerd-janson-live-ostgut-ton-aus-der-halle-am-berghain-arte-concert,Berghain
2021-08-28,Gerd Janson,Every Little Thing,Fall Forward,Fall Forward,https://trackid.net/musictracks/fall-forward-every-little-thing,https://trackid.net/audiostreams/answer-code-request-x-gerd-janson-live-ostgut-ton-aus-der-halle-am-berghain-arte-concert,Berghain
2021-08-28,Gerd Janson,Split Wig,OSSX,Allergy Season,https://trackid.net/musictracks/ossx-split-wig,https://trackid.net/audiostreams/answer-code-request-x-gerd-janson-live-ostgut-ton-aus-der-halle-am-berghain-arte-concert,Berghain
2021-08-28,Gerd Janson,Lost and Found,Ryan James Ford,DUB Recordings,https://trackid.net/musictracks/ryan-james-ford-lost-and-found,https://trackid.net/audiostreams/answer-code-request-x-gerd-janson-live-ostgut-ton-aus-der-halle-am-berghain-arte-concert,Berghain
2021-08-28,Gerd Janson,B-Section,Answer Code Request & Gerd Janson,Ostgut Ton,https://trackid.net/musictracks/answer-code-request-gerd-janson-bsection,https://trackid.net/audiostreams/answer-code-request-x-gerd-janson-live-ostgut-ton-aus-der-halle-am-berghain-arte-concert,Berghain
2021-08-28,Gerd Janson,Shake,East Coast Love Affair,Athens Of The North,https://trackid.net/musictracks/east-coast-love-affair-shake,https://trackid.net/audiostreams/answer-code-request-x-gerd-janson-live-ostgut-ton-aus-der-halle-am-berghain-arte-concert,Berghain
2021-08-28,Gerd Janson,Cosmic Shuffle,Interviews,brokntoys,https://trackid.net/musictracks/interviews-cosmic-shuffle,https://trackid.net/audiostreams/answer-code-request-x-gerd-janson-live-ostgut-ton-aus-der-halle-am-berghain-arte-concert,Berghain
2021-08-28,Gerd Janson,Release Me (Base Mix),Redshape,,https://trackid.net/musictracks/redshape-release-me-base-mix,https://trackid.net/audiostreams/answer-code-request-x-gerd-janson-live-ostgut-ton-aus-der-halle-am-berghain-arte-concert,Berghain
2021-08-28,Gerd Janson,Utility,Barker,Ostgut Ton,https://trackid.net/musictracks/barker-utility,https://trackid.net/audiostreams/answer-code-request-x-gerd-janson-live-ostgut-ton-aus-der-halle-am-berghain-arte-concert,Berghain
2021-08-24,Roi Perez,ラスト・バトル,―――――,,https://trackid.net/musictracks/-rasutobatoru,https://trackid.net/audiostreams/roi-perez-x-avalon-emerson-live-ostgut-ton-aus-der-halle-am-berghain-arte-concert,Berghain
2021-08-24,Roi Perez,Choice,Orbital,Orbital,https://trackid.net/musictracks/orbital-choice,https://trackid.net/audiostreams/roi-perez-x-avalon-emerson-live-ostgut-ton-aus-der-halle-am-berghain-arte-concert,Berghain
2021-08-24,Roi Perez,Champu Princess,Avalon Emerson & Roi Perez,Ostgut Ton,https://trackid.net/musictracks/avalon-emerson-roi-perez-champu-princess,https://trackid.net/audiostreams/roi-perez-x-avalon-emerson-live-ostgut-ton-aus-der-halle-am-berghain-arte-concert,Berghain
2021-08-24,Roi Perez,Rapture (Oak Lawn Mix),Soul Odyssey,eMERGENCY heARTS,https://trackid.net/musictracks/soul-odyssey-rapture-oak-lawn-mix,https://trackid.net/audiostreams/roi-perez-x-avalon-emerson-live-ostgut-ton-aus-der-halle-am-berghain-arte-concert,Berghain
2021-08-24,Roi Perez,I Feel Blu,AEVA,AEVA,https://trackid.net/musictracks/aeva-i-feel-blu,https://trackid.net/audiostreams/roi-perez-x-avalon-emerson-live-ostgut-ton-aus-der-halle-am-berghain-arte-concert,Berghain
2021-08-24,Roi Perez,Utility,Barker,Ostgut Ton,https://trackid.net/musictracks/barker-utility,https://trackid.net/audiostreams/roi-perez-x-avalon-emerson-live-ostgut-ton-aus-der-halle-am-berghain-arte-concert,Berghain
2021-08-24,Soundstream,Session 2,Substance & Soundstream,Ostgut Ton,https://trackid.net/musictracks/substance-soundstream-session-2,https://trackid.net/audiostreams/substance-x-soundstream-live-ostgut-ton-aus-der-halle-am-berghain-arte-concert,Berghain
2021-08-24,Soundstream,1994-3 (Substance Remix) (Substance Remix),Fundamental Knowledge,Seilscheibenpfeiler Schallplatten Berlin,https://trackid.net/musictracks/fundamental-knowledge-19943-substance-remix-substance-remix,https://trackid.net/audiostreams/substance-x-soundstream-live-ostgut-ton-aus-der-halle-am-berghain-arte-concert,Berghain
2021-08-24,Soundstream,Outta My Way,Traxmen,,https://trackid.net/musictracks/traxmen-outta-my-way,https://trackid.net/audiostreams/substance-x-soundstream-live-ostgut-ton-aus-der-halle-am-berghain-arte-concert,Berghain
2021-08-24,Soundstream,Jam the Mace (Original Mix),Kenny Dope Presents House Syndicate,Dopewax Records,https://trackid.net/musictracks/kenny-dope-presents-house-syndicate-jam-the-mace-original-mix,https://trackid.net/audiostreams/substance-x-soundstream-live-ostgut-ton-aus-der-halle-am-berghain-arte-concert,Berghain
2021-08-24,Soundstream,Work Your Body,DJ Rush,DJ Rush,https://trackid.net/musictracks/dj-rush-work-your-body,https://trackid.net/audiostreams/substance-x-soundstream-live-ostgut-ton-aus-der-halle-am-berghain-arte-concert,Berghain
2021-08-24,Soundstream,Utility,Barker,Ostgut Ton,https://trackid.net/musictracks/barker-utility,https://trackid.net/audiostreams/substance-x-soundstream-live-ostgut-ton-aus-der-halle-am-berghain-arte-concert,Berghain
2021-08-28,André Galluzzi,The Remedy,"Boronas, Snad",,https://trackid.net/musictracks/boronas-snad-the-remedy,https://trackid.net/audiostreams/andre-galluzzi-x-ryan-elliott-live-ostgut-ton-aus-der-halle-am-berghain-arte-concert,Berghain
2021-08-28,André Galluzzi,Allison's Lair,Callisto,Guidance,https://trackid.net/musictracks/callisto-allisons-lair,https://trackid.net/audiostreams/andre-galluzzi-x-ryan-elliott-live-ostgut-ton-aus-der-halle-am-berghain-arte-concert,Berghain
2021-08-28,André Galluzzi,Bounce To The Beat (Tee's Freeze Mix),DJ E-Clyps,InHouse Records,https://trackid.net/musictracks/dj-eclyps-bounce-to-the-beat-tees-freeze-mix,https://trackid.net/audiostreams/andre-galluzzi-x-ryan-elliott-live-ostgut-ton-aus-der-halle-am-berghain-arte-concert,Berghain
2021-08-28,André Galluzzi,IMMI,Bruce Ivery,Faith Beat,https://trackid.net/musictracks/bruce-ivery-immi,https://trackid.net/audiostreams/andre-galluzzi-x-ryan-elliott-live-ostgut-ton-aus-der-halle-am-berghain-arte-concert,Berghain
2021-08-28,André Galluzzi,Transitons,Dennis Ferrer,Defected Records,https://trackid.net/musictracks/dennis-ferrer-transitons,https://trackid.net/audiostreams/andre-galluzzi-x-ryan-elliott-live-ostgut-ton-aus-der-halle-am-berghain-arte-concert,Berghain
2021-08-28,André Galluzzi,Circle 2 (Alberto Pascual Remix),Mutate,BLANK CODE,https://trackid.net/musictracks/mutate-circle-2-alberto-pascual-remix,https://trackid.net/audiostreams/andre-galluzzi-x-ryan-elliott-live-ostgut-ton-aus-der-halle-am-berghain-arte-concert,Berghain
2021-08-21,Nick Höppner,域外花,Howie Lee,Do Hits,https://trackid.net/musictracks/howie-lee-yu-wai-hua-,https://trackid.net/audiostreams/nick-hoppner-x-klon-dump-live-ostgut-ton-aus-der-halle-am-berghain-arte-concert,Berghain
2021-08-21,Nick Höppner,Circling the Abyss,Tristan Arp,Banoffee Pies,https://trackid.net/musictracks/tristan-arp-circling-the-abyss,https://trackid.net/audiostreams/nick-hoppner-x-klon-dump-live-ostgut-ton-aus-der-halle-am-berghain-arte-concert,Berghain
2021-08-21,Nick Höppner,Dobuito,Christopher Just,Cheap Classics,https://trackid.net/musictracks/christopher-just-dobuito,https://trackid.net/audiostreams/nick-hoppner-x-klon-dump-live-ostgut-ton-aus-der-halle-am-berghain-arte-concert,Berghain
2021-08-21,Nick Höppner,Klon Mundo - Klon Domo,Klon Dump,,https://trackid.net/musictracks/klon-dump-klon-mundo-klon-domo,https://trackid.net/audiostreams/nick-hoppner-x-klon-dump-live-ostgut-ton-aus-der-halle-am-berghain-arte-concert,Berghain
2021-08-21,Nick Höppner,Radici Aeree,DJ Blasy,Planet Sundae,https://trackid.net/musictracks/dj-blasy-radici-aeree,https://trackid.net/audiostreams/nick-hoppner-x-klon-dump-live-ostgut-ton-aus-der-halle-am-berghain-arte-concert,Berghain
2021-08-21,Nick Höppner,Love Denied,DJ Linus,Compost,https://trackid.net/musictracks/dj-linus-love-denied,https://trackid.net/audiostreams/nick-hoppner-x-klon-dump-live-ostgut-ton-aus-der-halle-am-berghain-arte-concert,Berghain
2021-08-21,Nick Höppner,Verklärte Dumpster,Klon Dump,Klon Dump,https://trackid.net/musictracks/klon-dump-verklarte-dumpster,https://trackid.net/audiostreams/nick-hoppner-x-klon-dump-live-ostgut-ton-aus-der-halle-am-berghain-arte-concert,Berghain
2021-08-21,Nick Höppner,Slow Down,Youandewan featuring Art Feynman,Butter Side Up,https://trackid.net/musictracks/youandewan-featuring-art-feynman-slow-down,https://trackid.net/audiostreams/nick-hoppner-x-klon-dump-live-ostgut-ton-aus-der-halle-am-berghain-arte-concert,Berghain
2021-08-28,Virginia,Reflection,Caron,brokntoys,https://trackid.net/musictracks/caron-reflection,https://trackid.net/audiostreams/steffi-x-virginia-ostgut-ton-aus-der-halle-am-berghain-live-arteconcert,Berghain
2021-08-28,Virginia,Stasis V2,The Advent,Cultivated Electronics,https://trackid.net/musictracks/the-advent-stasis-v2,https://trackid.net/audiostreams/steffi-x-virginia-ostgut-ton-aus-der-halle-am-berghain-live-arteconcert,Berghain
2021-08-28,Virginia,Help Me Understand,Steffi & Virginia,Ostgut Ton,https://trackid.net/musictracks/steffi-virginia-help-me-understand,https://trackid.net/audiostreams/steffi-x-virginia-ostgut-ton-aus-der-halle-am-berghain-live-arteconcert,Berghain
2021-08-28,Virginia,Perfect Circuit,214,Klakson,https://trackid.net/musictracks/214-perfect-circuit,https://trackid.net/audiostreams/steffi-x-virginia-ostgut-ton-aus-der-halle-am-berghain-live-arteconcert,Berghain
2021-08-28,Virginia,Thyme,/DL/MS/,Frustrated Funk,https://trackid.net/musictracks/dlms-thyme,https://trackid.net/audiostreams/steffi-x-virginia-ostgut-ton-aus-der-halle-am-berghain-live-arteconcert,Berghain
2021-08-28,Virginia,Bay of Sampieri,Cyan85,Voitax,https://trackid.net/musictracks/cyan85-bay-of-sampieri,https://trackid.net/audiostreams/steffi-x-virginia-ostgut-ton-aus-der-halle-am-berghain-live-arteconcert,Berghain
2021-08-28,Virginia,Dyad Symmetry,CRISPR,Clone West Coast Series,https://trackid.net/musictracks/crispr-dyad-symmetry,https://trackid.net/audiostreams/steffi-x-virginia-ostgut-ton-aus-der-halle-am-berghain-live-arteconcert,Berghain
2021-08-28,Virginia,Algorhythmic Control,OCB,Casa Voyager,https://trackid.net/musictracks/ocb-algorhythmic-control,https://trackid.net/audiostreams/steffi-x-virginia-ostgut-ton-aus-der-halle-am-berghain-live-arteconcert,Berghain
2021-08-28,Virginia,Everstar,Alphonse,Klasse Wrecks,https://trackid.net/musictracks/alphonse-everstar,https://trackid.net/audiostreams/steffi-x-virginia-ostgut-ton-aus-der-halle-am-berghain-live-arteconcert,Berghain
2021-08-28,Virginia,Drunk On Ya Lips,GEN-Y,BAKK,https://trackid.net/musictracks/geny-drunk-on-ya-lips,https://trackid.net/audiostreams/steffi-x-virginia-ostgut-ton-aus-der-halle-am-berghain-live-arteconcert,Berghain
2021-08-28,Virginia,Elektro 0ffens1ve,Cyan85,Voitax,https://trackid.net/musictracks/cyan85-elektro-0ffens1ve,https://trackid.net/audiostreams/steffi-x-virginia-ostgut-ton-aus-der-halle-am-berghain-live-arteconcert,Berghain
2021-08-28,Virginia,Locus Structure,CRISPR,Clone West Coast Series,https://trackid.net/musictracks/crispr-locus-structure,https://trackid.net/audiostreams/steffi-x-virginia-ostgut-ton-aus-der-halle-am-berghain-live-arteconcert,Berghain
2021-08-28,Virginia,Dark Shadows,Detroit's Filthiest,Bass Agenda Recordings,https://trackid.net/musictracks/detroits-filthiest-dark-shadows,https://trackid.net/audiostreams/steffi-x-virginia-ostgut-ton-aus-der-halle-am-berghain-live-arteconcert,Berghain
2021-08-28,Virginia,Around The Bend,214,Klakson,https://trackid.net/musictracks/214-around-the-bend1782775545,https://trackid.net/audiostreams/steffi-x-virginia-ostgut-ton-aus-der-halle-am-berghain-live-arteconcert,Berghain
2021-08-24,Lakuti,Elevate,Webb,Mixed Signals,https://trackid.net/musictracks/webb-elevate,https://trackid.net/audiostreams/tama-sumo-x-lakuti-live-ostgut-ton-aus-der-halle-am-berghain-arte-concert,Berghain
2021-08-24,Lakuti,Life 4 Living (Vocal Life Mix),"USG, Monica Elam",Prescription,https://trackid.net/musictracks/usg-monica-elam-life-4-living-vocal-life-mix,https://trackid.net/audiostreams/tama-sumo-x-lakuti-live-ostgut-ton-aus-der-halle-am-berghain-arte-concert,Berghain
2021-08-24,Lakuti,Air We Breathe (Revisited Cassette Demo),Joaquin Joe Claussell,Rekids,https://trackid.net/musictracks/joaquin-joe-claussell-air-we-breathe-revisited-cassette-demo,https://trackid.net/audiostreams/tama-sumo-x-lakuti-live-ostgut-ton-aus-der-halle-am-berghain-arte-concert,Berghain
2021-08-24,Lakuti,Feed off Of,DJ QU,Strength Music Recordings,https://trackid.net/musictracks/dj-qu-feed-off-of,https://trackid.net/audiostreams/tama-sumo-x-lakuti-live-ostgut-ton-aus-der-halle-am-berghain-arte-concert,Berghain
2021-08-24,Lakuti,Your Love Takes Me Higher (Magic Juan's Sex Mix),"The Beloved, Juan Atkins",New State Music,https://trackid.net/musictracks/the-beloved-juan-atkins-your-love-takes-me-higher-magic-juans-sex-mix,https://trackid.net/audiostreams/tama-sumo-x-lakuti-live-ostgut-ton-aus-der-halle-am-berghain-arte-concert,Berghain
2021-08-24,Lakuti,Utility,Barker,Ostgut Ton,https://trackid.net/musictracks/barker-utility,https://trackid.net/audiostreams/tama-sumo-x-lakuti-live-ostgut-ton-aus-der-halle-am-berghain-arte-concert,Berghain
2014-08-07,Ryan Elliott,Conquering Lions,A Sagittariun,Elastic Dreams,https://trackid.net/musictracks/a-sagittariun-conquering-lions,https://trackid.net/audiostreams/panorama-bar-06-ryan-elliott,Panorama Bar
2014-08-07,Ryan Elliott,Power Seat,Head High,Power House,https://trackid.net/musictracks/head-high-power-seat,https://trackid.net/audiostreams/panorama-bar-06-ryan-elliott,Panorama Bar
2014-08-07,Ryan Elliott,House Music,"Mr. Tophat, Art Alfie",Karlovak Recordings,https://trackid.net/musictracks/mr-tophat-art-alfie-house-music,https://trackid.net/audiostreams/panorama-bar-06-ryan-elliott,Panorama Bar
2014-08-07,Ryan Elliott,Womb,Mr. G,Phoenix G,https://trackid.net/musictracks/mr-g-womb,https://trackid.net/audiostreams/panorama-bar-06-ryan-elliott,Panorama Bar
2014-08-07,Ryan Elliott,Enlite,"Ian Pooley, Bluelite",Armada Music,https://trackid.net/musictracks/ian-pooley-bluelite-enlite,https://trackid.net/audiostreams/panorama-bar-06-ryan-elliott,Panorama Bar
2014-08-07,Ryan Elliott,The Bridge,Heiko Laux,Kanzleramt Music,https://trackid.net/musictracks/heiko-laux-the-bridge,https://trackid.net/audiostreams/panorama-bar-06-ryan-elliott,Panorama Bar
2014-08-07,Ryan Elliott,Tuffa Trummor Med Röst,Genius of Time,Aniara Recordings,https://trackid.net/musictracks/genius-of-time-tuffa-trummor-med-rost,https://trackid.net/audiostreams/panorama-bar-06-ryan-elliott,Panorama Bar
2013-04-09,Marcel Dettmann,Found a Way,Round Four,Main Street,https://trackid.net/musictracks/round-four-found-a-way,https://trackid.net/audiostreams/berghain-panorama-bar-show-march-2008-w-marcel-dettmann,Panorama Bar
2013-04-09,Marcel Dettmann,Melons,"Move D, Benjamin Brunn",Smallville,https://trackid.net/musictracks/move-d-benjamin-brunn-melons,https://trackid.net/audiostreams/berghain-panorama-bar-show-march-2008-w-marcel-dettmann,Panorama Bar
2013-04-09,Marcel Dettmann,Zabriskie,Antonelli,Antonelli,https://trackid.net/musictracks/antonelli-zabriskie,https://trackid.net/audiostreams/berghain-panorama-bar-show-march-2008-w-marcel-dettmann,Panorama Bar
2013-04-09,Marcel Dettmann,Reflection Nebula 056n,Tadeo,Cyclical Tracks,https://trackid.net/musictracks/tadeo-reflection-nebula-056n,https://trackid.net/audiostreams/berghain-panorama-bar-show-march-2008-w-marcel-dettmann,Panorama Bar
2013-04-09,Marcel Dettmann,136 Trek,Pinch,Tectonic,https://trackid.net/musictracks/pinch-136-trek,https://trackid.net/audiostreams/berghain-panorama-bar-show-march-2008-w-marcel-dettmann,Panorama Bar
2013-04-09,Marcel Dettmann,Junktion,Peverelist,Tectonic,https://trackid.net/musictracks/peverelist-junktion,https://trackid.net/audiostreams/berghain-panorama-bar-show-march-2008-w-marcel-dettmann,Panorama Bar
2013-04-09,Marcel Dettmann,Eqd#001b,EQD,Equalized,https://trackid.net/musictracks/eqd-eqd001b,https://trackid.net/audiostreams/berghain-panorama-bar-show-march-2008-w-marcel-dettmann,Panorama Bar
2013-04-09,Marcel Dettmann,Tantakatan,Radio Slave,Rekids,https://trackid.net/musictracks/radio-slave-tantakatan,https://trackid.net/audiostreams/berghain-panorama-bar-show-march-2008-w-marcel-dettmann,Panorama Bar
2013-04-09,Marcel Dettmann,She Said (Ryan Elliott Edit),Kate Simko,Kate Simko,https://trackid.net/musictracks/kate-simko-she-said-ryan-elliott-edit,https://trackid.net/audiostreams/berghain-panorama-bar-show-march-2008-w-marcel-dettmann,Panorama Bar
2013-04-09,Marcel Dettmann,Believe and Receive (Shedsdeepanddubbydub Remix),Luke Hess,Kontra Musik,https://trackid.net/musictracks/luke-hess-believe-and-receive-shedsdeepanddubbydub-remix,https://trackid.net/audiostreams/berghain-panorama-bar-show-march-2008-w-marcel-dettmann,Panorama Bar
2013-04-09,Marcel Dettmann,Entrada de Sol (Original Mix),Markus Fix,Markus Fix,https://trackid.net/musictracks/markus-fix-entrada-de-sol-original-mix,https://trackid.net/audiostreams/berghain-panorama-bar-show-march-2008-w-marcel-dettmann,Panorama Bar
2013-04-09,Marcel Dettmann,Threesixty,Pan-Pot,Pan-Pot,https://trackid.net/musictracks/panpot-threesixty,https://trackid.net/audiostreams/berghain-panorama-bar-show-march-2008-w-marcel-dettmann,Panorama Bar
2013-04-09,Marcel Dettmann,Quarz,Misc.,Misc.,https://trackid.net/musictracks/misc-quarz,https://trackid.net/audiostreams/berghain-panorama-bar-show-march-2008-w-marcel-dettmann,Panorama Bar
2013-04-09,Marcel Dettmann,Campus (Original Mix),Bukaddor & Fishbeck,Bukaddor & Fishbeck,https://trackid.net/musictracks/bukaddor-fishbeck-campus-original-mix,https://trackid.net/audiostreams/berghain-panorama-bar-show-march-2008-w-marcel-dettmann,Panorama Bar
2013-04-09,Marcel Dettmann,Space,Minilogue,TRAUM Schallplatten,https://trackid.net/musictracks/minilogue-space,https://trackid.net/audiostreams/berghain-panorama-bar-show-march-2008-w-marcel-dettmann,Panorama Bar
2013-04-09,Marcel Dettmann,Gimmik 2,Flinsch 'n' Nielson,Flinsch 'n' Nielson,https://trackid.net/musictracks/flinsch-n-nielson-gimmik-2,https://trackid.net/audiostreams/berghain-panorama-bar-show-march-2008-w-marcel-dettmann,Panorama Bar
2013-04-09,Marcel Dettmann,Belize,Anja Schneider,Mobilee Records,https://trackid.net/musictracks/anja-schneider-belize,https://trackid.net/audiostreams/berghain-panorama-bar-show-march-2008-w-marcel-dettmann,Panorama Bar
2013-04-09,Marcel Dettmann,You're Mine (Kabale & Liebe Remix) (Kabale & Liebe Remix),Pressure Drop,Pressure Drop,https://trackid.net/musictracks/pressure-drop-youre-mine-kabale-liebe-remix-kabale-liebe-remix,https://trackid.net/audiostreams/berghain-panorama-bar-show-march-2008-w-marcel-dettmann,Panorama Bar
2013-04-09,Marcel Dettmann,Got It,My My,My My,https://trackid.net/musictracks/my-my-got-it,https://trackid.net/audiostreams/berghain-panorama-bar-show-march-2008-w-marcel-dettmann,Panorama Bar
2013-04-09,Marcel Dettmann,Funky Heroes (Le Dust Sucker Dubmix),Afrika Bambaataa,Afrika Bambaataa,https://trackid.net/musictracks/afrika-bambaataa-funky-heroes-le-dust-sucker-dubmix,https://trackid.net/audiostreams/berghain-panorama-bar-show-march-2008-w-marcel-dettmann,Panorama Bar
2013-04-09,Marcel Dettmann,Horizontal,Dinky,Dinky,https://trackid.net/musictracks/dinky-horizontal,https://trackid.net/audiostreams/berghain-panorama-bar-show-march-2008-w-marcel-dettmann,Panorama Bar
2013-04-09,Marcel Dettmann,Silkcut,Nhar,Nhar,https://trackid.net/musictracks/nhar-silkcut,https://trackid.net/audiostreams/berghain-panorama-bar-show-march-2008-w-marcel-dettmann,Panorama Bar
2013-04-09,Marcel Dettmann,Die Grünschenkel Im Blauen Priel,Dominik Eulberg,Dominik Eulberg,https://trackid.net/musictracks/dominik-eulberg-die-grunschenkel-im-blauen-priel,https://trackid.net/audiostreams/berghain-panorama-bar-show-march-2008-w-marcel-dettmann,Panorama Bar
2013-04-09,Marcel Dettmann,Plex (2022 Remaster),Chris Carter,Chris Carter,https://trackid.net/musictracks/chris-carter-plex-2022-remaster,https://trackid.net/audiostreams/berghain-panorama-bar-show-march-2008-w-marcel-dettmann,Panorama Bar
2013-04-09,Marcel Dettmann,Kingdom,Walkner.Hintenaus,Aus Music,https://trackid.net/musictracks/walknerhintenaus-kingdom,https://trackid.net/audiostreams/berghain-panorama-bar-show-march-2008-w-marcel-dettmann,Panorama Bar
2013-12-19,Marcel Dettmann,Scrape,Philippe Petit,Decision Making Theory,https://trackid.net/musictracks/philippe-petit-scrape,https://trackid.net/audiostreams/marcel-dettmann-berghain-9th-anniversary-set-15122013,Berghain
2013-12-19,Marcel Dettmann,No Exit,Planetary Assault Systems,,https://trackid.net/musictracks/planetary-assault-systems-no-exit,https://trackid.net/audiostreams/marcel-dettmann-berghain-9th-anniversary-set-15122013,Berghain
2013-12-19,Marcel Dettmann,Encounter (Remastered),Outline,Blueprint Records,https://trackid.net/musictracks/outline-encounter-remastered,https://trackid.net/audiostreams/marcel-dettmann-berghain-9th-anniversary-set-15122013,Berghain
2013-12-19,Marcel Dettmann,Some House (Original Mix),Alden Tyrell,Clone Jack For Daze Series,https://trackid.net/musictracks/alden-tyrell-some-house-original-mix,https://trackid.net/audiostreams/marcel-dettmann-berghain-9th-anniversary-set-15122013,Berghain
2013-12-19,Marcel Dettmann,The Dirt,Shed,50 WEAPONS,https://trackid.net/musictracks/shed-the-dirt,https://trackid.net/audiostreams/marcel-dettmann-berghain-9th-anniversary-set-15122013,Berghain
2013-12-19,Marcel Dettmann,Freak Funktion,Literon,Clone Basement Series,https://trackid.net/musictracks/literon-freak-funktion,https://trackid.net/audiostreams/marcel-dettmann-berghain-9th-anniversary-set-15122013,Berghain
2013-12-19,Marcel Dettmann,People Say,Paolo Rocco,Saved Records,https://trackid.net/musictracks/paolo-rocco-people-say,https://trackid.net/audiostreams/marcel-dettmann-berghain-9th-anniversary-set-15122013,Berghain
2013-12-19,Marcel Dettmann,Remember (Epic Moment Mix),"Luke Hess, Nina Kraviz",Rekids,https://trackid.net/musictracks/luke-hess-nina-kraviz-remember-epic-moment-mix,https://trackid.net/audiostreams/marcel-dettmann-berghain-9th-anniversary-set-15122013,Berghain
2013-12-19,Marcel Dettmann,Eat More House-Baby (2000 Version),DJ Hell,The Hell Experience,https://trackid.net/musictracks/dj-hell-eat-more-housebaby-2000-version,https://trackid.net/audiostreams/marcel-dettmann-berghain-9th-anniversary-set-15122013,Berghain
2013-12-19,Marcel Dettmann,Change,Floorplan,M-Plant,https://trackid.net/musictracks/floorplan-change,https://trackid.net/audiostreams/marcel-dettmann-berghain-9th-anniversary-set-15122013,Berghain
2013-12-19,Marcel Dettmann,Unspecified,Mike Storm,Belief System,https://trackid.net/musictracks/mike-storm-unspecified,https://trackid.net/audiostreams/marcel-dettmann-berghain-9th-anniversary-set-15122013,Berghain
2013-12-19,Marcel Dettmann,Dark Manoeuvres,Envoy,Soma Records,https://trackid.net/musictracks/envoy-dark-manoeuvres,https://trackid.net/audiostreams/marcel-dettmann-berghain-9th-anniversary-set-15122013,Berghain
2013-12-19,Marcel Dettmann,Aktion Mekanik Theme,Terence Fixmer,Music Man Records,https://trackid.net/musictracks/terence-fixmer-aktion-mekanik-theme,https://trackid.net/audiostreams/marcel-dettmann-berghain-9th-anniversary-set-15122013,Berghain
2013-12-19,Marcel Dettmann,Detect Signal,Ritzi Lee,Belief System,https://trackid.net/musictracks/ritzi-lee-detect-signal,https://trackid.net/audiostreams/marcel-dettmann-berghain-9th-anniversary-set-15122013,Berghain
2013-12-19,Marcel Dettmann,In the City (Ritzi Lee Remix),Ben Sims,Theory,https://trackid.net/musictracks/ben-sims-in-the-city-ritzi-lee-remix,https://trackid.net/audiostreams/marcel-dettmann-berghain-9th-anniversary-set-15122013,Berghain
2023-08-13,Marcel Dettmann,"Lycra (Wishmountain, Tight Fitting Lycra Mix 2)",Alter Ego,Alter Ego Recordings,https://trackid.net/musictracks/alter-ego-lycra-wishmountain-tight-fitting-lycra-mix-2,https://trackid.net/audiostreams/marcel-dettmann-live-berghain-31122006,Berghain
2023-08-13,Marcel Dettmann,The Break (LP Edit),Agnes,Resopal Red,https://trackid.net/musictracks/agnes-the-break-lp-edit,https://trackid.net/audiostreams/marcel-dettmann-live-berghain-31122006,Berghain
2023-08-13,Marcel Dettmann,Steady Plus,Ben Klock,Poker Flat Recordings,https://trackid.net/musictracks/ben-klock-steady-plus,https://trackid.net/audiostreams/marcel-dettmann-live-berghain-31122006,Berghain
2023-08-13,Marcel Dettmann,New York Vibes-24070,Leo,,https://trackid.net/musictracks/leo-new-york-vibes24070,https://trackid.net/audiostreams/marcel-dettmann-live-berghain-31122006,Berghain
2023-08-13,Marcel Dettmann,Blast,The Stalker,Free For All,https://trackid.net/musictracks/the-stalker-blast,https://trackid.net/audiostreams/marcel-dettmann-live-berghain-31122006,Berghain
2023-08-13,Marcel Dettmann,Arkest's Blaze,Gert,Rxxistance,https://trackid.net/musictracks/gert-arkests-blaze,https://trackid.net/audiostreams/marcel-dettmann-live-berghain-31122006,Berghain
2023-08-13,Marcel Dettmann,Working Night (Octave One Remix),John Thomas,John Thomas,https://trackid.net/musictracks/john-thomas-working-night-octave-one-remix,https://trackid.net/audiostreams/marcel-dettmann-live-berghain-31122006,Berghain
2023-08-13,Marcel Dettmann,Arrows,Run Stop Restore,Run Stop Restore,https://trackid.net/musictracks/run-stop-restore-arrows,https://trackid.net/audiostreams/marcel-dettmann-live-berghain-31122006,Berghain
2023-08-13,Marcel Dettmann,Out of Mind,Thomas P. Heckmann,AFU Limited,https://trackid.net/musictracks/thomas-p-heckmann-out-of-mind,https://trackid.net/audiostreams/marcel-dettmann-live-berghain-31122006,Berghain
2023-08-13,Marcel Dettmann,Still Sweating,Stacey Pullen,Blackflag Recordings,https://trackid.net/musictracks/stacey-pullen-still-sweating,https://trackid.net/audiostreams/marcel-dettmann-live-berghain-31122006,Berghain
2021-08-21,Marcel Dettmann,Rhino,Herman Funker III,Ilian Tape,https://trackid.net/musictracks/herman-funker-iii-rhino,https://trackid.net/audiostreams/marcel-dettmann-x-dj-stingray-313-live-ostgut-ton-aus-der-halle-am-berghain-arte-concert,Berghain
2021-08-21,Marcel Dettmann,Lift,Alex Falk,Allergy Season,https://trackid.net/musictracks/alex-falk-lift,https://trackid.net/audiostreams/marcel-dettmann-x-dj-stingray-313-live-ostgut-ton-aus-der-halle-am-berghain-arte-concert,Berghain
2021-08-21,Marcel Dettmann,Dangstuh,D.Dan,Arsenik Records,https://trackid.net/musictracks/ddan-dangstuh,https://trackid.net/audiostreams/marcel-dettmann-x-dj-stingray-313-live-ostgut-ton-aus-der-halle-am-berghain-arte-concert,Berghain
2021-08-21,Marcel Dettmann,Eighty Four,Anthony Rother,Bad Manners,https://trackid.net/musictracks/anthony-rother-eighty-four,https://trackid.net/audiostreams/marcel-dettmann-x-dj-stingray-313-live-ostgut-ton-aus-der-halle-am-berghain-arte-concert,Berghain
2021-08-21,Marcel Dettmann,Free Society (Hector Oaks aka Cadency Heartcore Remix),Ellen Allien,BPitch Control,https://trackid.net/musictracks/ellen-allien-free-society-hector-oaks-aka-cadency-heartcore-remix,https://trackid.net/audiostreams/marcel-dettmann-x-dj-stingray-313-live-ostgut-ton-aus-der-halle-am-berghain-arte-concert,Berghain
2021-08-21,Marcel Dettmann,Demonika (Original Mix),"Marco Bailey, Steve RedHead, Soulwatcher",MB Elektronics,https://trackid.net/musictracks/marco-bailey-steve-redhead-soulwatcher-demonika-original-mix,https://trackid.net/audiostreams/marcel-dettmann-x-dj-stingray-313-live-ostgut-ton-aus-der-halle-am-berghain-arte-concert,Berghain
2021-08-21,Marcel Dettmann,Blood & Oil,Cleric,Projekts,https://trackid.net/musictracks/cleric-blood-oil,https://trackid.net/audiostreams/marcel-dettmann-x-dj-stingray-313-live-ostgut-ton-aus-der-halle-am-berghain-arte-concert,Berghain
2021-08-21,Marcel Dettmann,Falling In A Dream (D.Dan remix),AADJA,AADJA,https://trackid.net/musictracks/aadja-falling-in-a-dream-ddan-remix,https://trackid.net/audiostreams/marcel-dettmann-x-dj-stingray-313-live-ostgut-ton-aus-der-halle-am-berghain-arte-concert,Berghain
2021-08-21,Marcel Dettmann,Escape The System,Dax J,ARTS,https://trackid.net/musictracks/dax-j-escape-the-system,https://trackid.net/audiostreams/marcel-dettmann-x-dj-stingray-313-live-ostgut-ton-aus-der-halle-am-berghain-arte-concert,Berghain
2021-08-21,Marcel Dettmann,Rude Signal,Endlec,Endlec,https://trackid.net/musictracks/endlec-rude-signal,https://trackid.net/audiostreams/marcel-dettmann-x-dj-stingray-313-live-ostgut-ton-aus-der-halle-am-berghain-arte-concert,Berghain
2021-08-21,Marcel Dettmann,Fragment 2,Regis,Downwards,https://trackid.net/musictracks/regis-fragment-2,https://trackid.net/audiostreams/marcel-dettmann-x-dj-stingray-313-live-ostgut-ton-aus-der-halle-am-berghain-arte-concert,Berghain
2021-08-21,Marcel Dettmann,Two-Step Dance Ensured,Héctor Oaks,Oaks,https://trackid.net/musictracks/hector-oaks-twostep-dance-ensured,https://trackid.net/audiostreams/marcel-dettmann-x-dj-stingray-313-live-ostgut-ton-aus-der-halle-am-berghain-arte-concert,Berghain
2021-08-21,Marcel Dettmann,Bang Wap,Planetary Assault Systems,Token,https://trackid.net/musictracks/planetary-assault-systems-bang-wap,https://trackid.net/audiostreams/marcel-dettmann-x-dj-stingray-313-live-ostgut-ton-aus-der-halle-am-berghain-arte-concert,Berghain
2021-08-21,Marcel Dettmann,REPEAT,6SISS,User Experience,https://trackid.net/musictracks/6siss-repeat,https://trackid.net/audiostreams/marcel-dettmann-x-dj-stingray-313-live-ostgut-ton-aus-der-halle-am-berghain-arte-concert,Berghain
2021-08-21,Marcel Dettmann,Interaction Sphere (Deniro remix 2),AADJA,AADJA,https://trackid.net/musictracks/aadja-interaction-sphere-deniro-remix-2,https://trackid.net/audiostreams/marcel-dettmann-x-dj-stingray-313-live-ostgut-ton-aus-der-halle-am-berghain-arte-concert,Berghain
2021-08-21,Marcel Dettmann,Unwanted,Rebekah,MORD,https://trackid.net/musictracks/rebekah-unwanted,https://trackid.net/audiostreams/marcel-dettmann-x-dj-stingray-313-live-ostgut-ton-aus-der-halle-am-berghain-arte-concert,Berghain
2021-08-21,Marcel Dettmann,KRIPNBOT,Endlec,Renegade Methodz,https://trackid.net/musictracks/endlec-kripnbot,https://trackid.net/audiostreams/marcel-dettmann-x-dj-stingray-313-live-ostgut-ton-aus-der-halle-am-berghain-arte-concert,Berghain
2021-08-21,Marcel Dettmann,Utility,Barker,Ostgut Ton,https://trackid.net/musictracks/barker-utility,https://trackid.net/audiostreams/marcel-dettmann-x-dj-stingray-313-live-ostgut-ton-aus-der-halle-am-berghain-arte-concert,Berghain
2023-04-10,Marcel Dettmann,Scrape,Philippe Petit,Decision Making Theory,https://trackid.net/musictracks/philippe-petit-scrape,https://trackid.net/audiostreams/marcel-dettmann-at-berghain-9th-anniversary,Berghain
2023-04-10,Marcel Dettmann,No Exit,Planetary Assault Systems,,https://trackid.net/musictracks/planetary-assault-systems-no-exit,https://trackid.net/audiostreams/marcel-dettmann-at-berghain-9th-anniversary,Berghain
2023-04-10,Marcel Dettmann,Encounter (Remastered),Outline,Blueprint Records,https://trackid.net/musictracks/outline-encounter-remastered,https://trackid.net/audiostreams/marcel-dettmann-at-berghain-9th-anniversary,Berghain
2023-04-10,Marcel Dettmann,Some House (Original Mix),Alden Tyrell,Clone Jack For Daze Series,https://trackid.net/musictracks/alden-tyrell-some-house-original-mix,https://trackid.net/audiostreams/marcel-dettmann-at-berghain-9th-anniversary,Berghain
2023-04-10,Marcel Dettmann,The Dirt,Shed,50 WEAPONS,https://trackid.net/musictracks/shed-the-dirt,https://trackid.net/audiostreams/marcel-dettmann-at-berghain-9th-anniversary,Berghain
2023-04-10,Marcel Dettmann,Freak Funktion,Literon,Clone Basement Series,https://trackid.net/musictracks/literon-freak-funktion,https://trackid.net/audiostreams/marcel-dettmann-at-berghain-9th-anniversary,Berghain
2023-04-10,Marcel Dettmann,People Say (DJ T.'s Dub Edit),Paolo Rocco,,https://trackid.net/musictracks/paolo-rocco-people-say-dj-ts-dub-edit,https://trackid.net/audiostreams/marcel-dettmann-at-berghain-9th-anniversary,Berghain
2023-04-10,Marcel Dettmann,People Say,Paolo Rocco,Saved Records,https://trackid.net/musictracks/paolo-rocco-people-say,https://trackid.net/audiostreams/marcel-dettmann-at-berghain-9th-anniversary,Berghain
2023-04-10,Marcel Dettmann,Remember (Epic Moment Mix),"Luke Hess, Nina Kraviz",Rekids,https://trackid.net/musictracks/luke-hess-nina-kraviz-remember-epic-moment-mix,https://trackid.net/audiostreams/marcel-dettmann-at-berghain-9th-anniversary,Berghain
2023-04-10,Marcel Dettmann,Eat More House-Baby (2000 Version),DJ Hell,The Hell Experience,https://trackid.net/musictracks/dj-hell-eat-more-housebaby-2000-version,https://trackid.net/audiostreams/marcel-dettmann-at-berghain-9th-anniversary,Berghain
2023-04-10,Marcel Dettmann,Change,Floorplan,M-Plant,https://trackid.net/musictracks/floorplan-change,https://trackid.net/audiostreams/marcel-dettmann-at-berghain-9th-anniversary,Berghain
2023-04-10,Marcel Dettmann,Unspecified,Mike Storm,Belief System,https://trackid.net/musictracks/mike-storm-unspecified,https://trackid.net/audiostreams/marcel-dettmann-at-berghain-9th-anniversary,Berghain
2023-04-10,Marcel Dettmann,Dark Manoeuvres,Envoy,Soma Records,https://trackid.net/musictracks/envoy-dark-manoeuvres,https://trackid.net/audiostreams/marcel-dettmann-at-berghain-9th-anniversary,Berghain
2023-04-10,Marcel Dettmann,Aktion Mekanik Theme,Terence Fixmer,Music Man Records,https://trackid.net/musictracks/terence-fixmer-aktion-mekanik-theme,https://trackid.net/audiostreams/marcel-dettmann-at-berghain-9th-anniversary,Berghain
2023-04-10,Marcel Dettmann,Detect Signal,Ritzi Lee,Belief System,https://trackid.net/musictracks/ritzi-lee-detect-signal,https://trackid.net/audiostreams/marcel-dettmann-at-berghain-9th-anniversary,Berghain
2023-04-10,Marcel Dettmann,In the City (Ritzi Lee Remix),Ben Sims,Theory,https://trackid.net/musictracks/ben-sims-in-the-city-ritzi-lee-remix,https://trackid.net/audiostreams/marcel-dettmann-at-berghain-9th-anniversary,Berghain
